"commune";"type_ecole";"mail";"code_postal";"nom_etablissement";"departement";"adresse";"statut";"latitude";"longitude"
"Nuku-hiva";"Elem";"direco@esj.ddec.pf";"98742";"Ecole primaire privée Saint Joseph";"Polynésie Française";"Ile Taiohae, Nuku Hiva / Bp 20";"Privé";"";""
"Papeete";"Elem";"direco@farii.ddec.pf";"98714";"ECOLE SAINT JEAN-BAPTISTE DE PUTIAORO-FARIIMATA";"Polynésie Française";", Bp 9020";"Privé";"";""
"Maré";"Elem";"h-angexetine@loyalty.nc";"98828";"Ecole primaire de Atha";"Nouvelle Calédonie";"Rue Atha";"Public";"-21.474313047123488";"168.01509034264487"
"Maré";"Elem";"d-nyikeine@loyalty.nc";"98828";"Ecole élémentaire de Hnawayatch";"Nouvelle Calédonie";"Route Hnawayatch";"Public";"-21.443090007053954";"167.86137262450097"
"Maré";"Elem";"n-gawe@loyalty.nc";"98828";"Ecole élémentaire de Mebuet";"Nouvelle Calédonie";"Route Mebuet";"Public";"-21.512059387918374";"167.84821461673383"
"Koumac";"Elem";"kayole@live.fr";"98850";"Ecole primaire privée de Wanap";"Nouvelle Calédonie";"Route De Wanap";"Privé";"-20.562426558594417";"164.26802560677834"
"Saint-Martin";"Elem";"ce.9710567p@ac-guadeloupe.fr";"97150";"Ecole élémentaire Elie Gibs";"Saint-Martin";"Rue Des Ecoles - Grand-Case";"Public";"18.100248448322006";"-63.05606002998476"
"Saint pierre";"Elem";"ce.9750006h@ac-normandie.fr";"97500";"Ecole élémentaire publique feu rouge";"St-Pierre-et-Miquelon";"Rue Du Feu Rouge, St Pierre / Bp 4234";"Public";"46.782921583538396";"-56.17581679736716"
"Nouméa";"Elem";"direcole.russier@province-sud.nc";"98800";"Ecole élémentaire Suzanne Russier";"Nouvelle Calédonie";"45  Rue Olry, Vallee Du Genie";"Public";"-22.269688647261752";"166.44667378909676"
"Kone";"Mater";"jp.simebuet@province-nord.nc";"98860";"Ecole maternelle de Noelly";"Nouvelle Calédonie";"Lieu-Dit Noelly";"Public";"-21.004838771418076";"164.94751017580043"
"Bourail";"Elem";"ce.9830090f@ac-noumea.nc";"98870";"Ecole élémentaire Louise Michel";"Nouvelle Calédonie";"74 Rue Antoine Griscelli, Bourail / Bp 106";"Public";"-21.57005675289915";"165.4968690390036"
"Kaala-gomen";"Elem";"ecole.bwapanu@province-nord.nc";"98817";"Ecole primaire de Kaala-Gomen";"Nouvelle Calédonie";"117 Rue Des Flamboyants, Bp 172";"Public";"-20.667159280890484";"164.3981927821624"
"Poindimie";"Elem";"l.denodrest@province-nord.nc";"98822";"Ecole élémentaire de Poindimié";"Nouvelle Calédonie";"Lieu-Dit Poindimie, Bp 36";"Public";"-20.936759202231553";"165.3411557598041"
"Poya";"Elem";"h.prevot@province-nord.nc";"98827";"Ecole primaire Marcel Carlier";"Nouvelle Calédonie";"Village De Poya";"Public";"-21.34560432623541";"165.15778486042385"
"Nouméa";"Mater";"direcole.petunias@province-sud.nc";"98800";"Ecole maternelle Les pétunias";"Nouvelle Calédonie";"3  Rue Fernande Leriche, Vallee Du Genie";"Public";"-22.27012356778488";"166.44613176961485"
"Poya";"Elem";"ecole.antoinegriscelli@province-nord.nc";"98877";"Ecole primaire Antoine Griscelli";"Nouvelle Calédonie";"Népoui Village, Népoui Village / Bp 01";"Public";"-21.324062076122694";"164.9977847200281"
"Lifou";"Elem";"a-hnamano@loyalty.nc";"98820";"Ecole primaire de Hmeleck";"Nouvelle Calédonie";"Tribu De Hmelek";"Public";"-21.04289429555795";"167.28185897422767"
"Lifou";"Mater";"v-padilla@loyalty.nc";"98820";"Ecole maternelle de Kirinata";"Nouvelle Calédonie";"Route Kirinata, Kirinata / Bp 175";"Public";"-20.814307382695027";"167.2474324262093"
"Lifou";"Elem";"e-waimo@loyalty.nc";"98820";"Ecole primaire de Luecilla";"Nouvelle Calédonie";"Luecilla, Luecilla / Bp 515";"Public";"-20.901796147942065";"167.25629807148752"
"Ouegoa";"Elem";"w.feltrin@province-nord.nc";"98821";"Ecole primaire de Paimboas";"Nouvelle Calédonie";"Route Paimboas Ouenia";"Public";"-20.52036075515885";"164.52200653455657"
"La foa";"Mater";"direcole.mat-begonias@province-sud.nc";"98880";"Ecole maternelle Les Bégonias";"Nouvelle Calédonie";"Rue Laure Fiori";"Public";"-21.711282220462344";"165.833374666785"
"Nouméa";"Elem";"direcole.lomont@province-sud.nc";"98800";"Ecole primaire Adrienne Lomont";"Nouvelle Calédonie";"10 Bis Rue Du Marechal Lyautey, Normandie / Bp 1731";"Public";"-22.220655243289126";"166.48416694599572"
"Nouméa";"Mater";"direcole.mat-pensees@province-sud.nc";"98800";"Ecole maternelle Les Pensées";"Nouvelle Calédonie";"2  Impasse Les Pensees, Magenta";"Public";"-22.273308198569993";"166.46725521016646"
"Lifou";"Mater";"ecole.traput@lagoon.nc";"98820";"Ecole maternelle de Hmeleck";"Nouvelle Calédonie";"Route Hmeleck";"Public";"-21.042921614799393";"167.28183034713837"
"Dumbea";"Mater";"direction.colibris@canl.nc";"98835";"Ecole maternelle Les Colibris";"Nouvelle Calédonie";"65 Rue De L'Entree Lot Poncet, Katiramona / Bp 81";"Public";"-22.13947102304219";"166.43604716912444"
"Nouméa";"Elem";"direcole.perraud@province-sud.nc";"98803";"Ecole élémentaire Albert Perraud";"Nouvelle Calédonie";"11  Rue De Tiga, Magenta / Bp 14372";"Public";"-22.261909567445525";"166.46786865553415"
"Mont-dore";"Mater";"direcole.mat-coccinelles@province-sud.nc";"98810";"Ecole maternelle les Coccinelles";"Nouvelle Calédonie";"2299 Route Du Vallon Dore, La Coulee / Bp 283";"Public";"-22.25028650092108";"166.56757192248443"
"Dumbea";"Mater";"direcole.niaoulis@province-sud.nc";"98835";"Ecole maternelle Les Niaoulis";"Nouvelle Calédonie";"Avenue Frederic Chopin, Koutio / Bp 614";"Public";"-22.20323450329975";"166.4682134763493"
"Nouméa";"Elem";"direcole.amiot@province-sud.nc";"98800";"Ecole primaire Michel Amiot";"Nouvelle Calédonie";"12  Rue Prony, Magenta / Bp 11087";"Public";"-22.26820293248947";"166.4682769976472"
"Voh";"Mater";"m.anso@province-nord.nc";"98833";"Ecole maternelle Pwodawhuup";"Nouvelle Calédonie";"Village De Voh, Bp 203";"Public";"-20.954444415434004";"164.69498825692625"
"Saint-Martin";"Elem";"ce.9711049n@ac-guadeloupe.fr";"97150";"Ecole primaire Hervé Williams";"Saint-Martin";"Route De Spring, Concordia";"Public";"18.067744894866664";"-63.072360089575234"
"Saint-Martin";"Elem";"ce.9711096p@ac-guadeloupe.fr";"97150";"Ecole primaire Clair SAINT-MAXIMIN";"Saint-Martin";"Rue Des Belles Orientales, Quartier D'Orléans";"Public";"18.067523867079306";"-63.03512965940477"
"Saint-Martin";"Mater";"ce.9711196y@ac-guadeloupe.fr";"97150";"Ecole maternelle Jean ANSELME";"Saint-Martin";"Rue Corossol, Quartiers D'Orléans";"Public";"18.065466728807007";"-63.03489962283524"
"Dumbea";"Elem";"direcole.mat-fong@province-sud.nc";"98835";"Ecole maternelle Renée Fong";"Nouvelle Calédonie";"2 B Allee Jean-Louis Marie, Plaine Adam";"Public";"-22.192309026341903";"166.44417683464098"
"Dumbea";"Mater";"direcole.mat-rolly@province-sud.nc";"98835";"Ecole maternelle Michelle Delacharlerie-Rolly";"Nouvelle Calédonie";"27 Rue Des Petites Affiches, Plaine Adam";"Public";"-22.2011910176726";"166.4459011149417"
"Ua-pou";"Elem";"ecole.haakuti@education.pf";"98746";"Ecole primaire Haakuti";"Polynésie Française";"Marq Ua Pou (Haakuti)";"Public";"";""
"Tubuai";"Elem";"gs.teina@education.pf";"98754";"Groupe scolaire Teina Mahu";"Polynésie Française";"Mataura, Australes Tubuai / Bp 99";"Public";"";""
"Papeete";"Elem";"ecole.pinai@education.pf";"98714";"Ecole élémentaire Pina'i";"Polynésie Française";"Vallee De Tipaerui  Papeete, Idv Tahiti (Papeete) / Bp 4355";"Public";"";""
"Faaa";"Elem";"ecole.pamatai@education.pf";"98704";"Ecole élémentaire Pamatai";"Polynésie Française";"Pk3.8 Rte Des Maraichers  Faaa, Idv Tahiti (Faa'A) / Bp 60010";"Public";"";""
"Faaa";"Mater";"ecole.ruatama@education.pf";"98704";"Ecole maternelle Ruatama";"Polynésie Française";"Pk 3.8 Route Rfo Pamatai  Faaa, Idv Tahiti (Faa'A) / Bp 60006";"Public";"";""
"Faaa";"Elem";"ecole.vaiaha@education.pf";"98704";"Ecole élémentaire VAIAHA";"Polynésie Française";"Pk 4,5 C Mer, Idv Tahiti (Faa'A)";"Public";"";""
"Papara";"Mater";"ecole.ariitama@education.pf";"98712";"Ecole maternelle Ariitama";"Polynésie Française";"Pk 35.9  C/Mont.  Papara, Idv Tahiti (Papara)";"Public";"";""
"Taiarapu-o";"Elem";"ecole.ahototeina@education.pf";"98723";"Ecole primaire Ahototeina";"Polynésie Française";"Pk 16.5 Teahupoo Taiarapu-Ouest, Idv Tahiti (Teahupoo) / Bp 70054";"Public";"";""
"Hitiaa";"Elem";"ecole.tehaaehaa@education.pf";"98708";"Ecole primaire Tehaaehaa";"Polynésie Française";"Pk 23.5 Tiarei Hitiaa Ote Ra, Idv Tahiti (Tiarei) / Bp 94";"Public";"";""
"Hitiaa";"Elem";"gs.mamu@education.pf";"98707";"Groupe scolaire Mamu Urarii Manu";"Polynésie Française";"Pk 16,5 C-Mer-Papenoo, Idv Tahiti (Papenoo) / Bp 11982";"Public";"";""
"Pirae";"Elem";"ecole.taaone@education.pf";"98716";"Ecole primaire Taaone";"Polynésie Française";"Route Du Taaone  Pirae, Idv Tahiti (Pirae) / Bp 51603";"Public";"";""
"Rangiroa";"Elem";"ecole.avatoru@education.pf";"98775";"Ecole primaire Avatoru Tahuri a tapuni";"Polynésie Française";"Rangiroa, Tg Rangiroa / Bp 443";"Public";"";""
"Rangiroa";"Elem";"ecole.mataiva@education.pf";"98777";"Ecole primaire Mataiva Tamarii Hitirau";"Polynésie Française";"Mataiva-Rangiro, Tg Rangiroa (Mataiva)";"Public";"";""
"Hao";"Elem";"ecole.amanu@education.pf";"98790";"Ecole primaire Amanu Tagiiereere";"Polynésie Française";"Atoll De Amanu, Tg Hao (Amanu)";"Public";"";""
"Anaa";"Elem";"ecole.faaite@education.pf";"98786";"Ecole primaire  FAAITE Temakohe";"Polynésie Française";"Atoll De Faaite, Tg Anaa (Faaite)";"Public";"";""
"Fakarava";"Elem";"ecole.niau@education.pf";"98763";"Ecole primaire NIAU Faaau Nui";"Polynésie Française";"Niau-Fakarava, Tg Fakarava (Niau)";"Public";"";""
"Anaa";"Elem";"ecole.anaa@education.pf";"98760";"Ecole primaire ANAA  Manava Tavahiroa";"Polynésie Française";"Atoll De Anaa, Tg Anaa / Bp 69";"Public";"";""
"Moorea";"Elem";"ecole.papetoai@education.pf";"98729";"Ecole primaire Papetoai";"Polynésie Française";"Pk 22 Ct Mont, Idv Moorea (Papetoai) / Bp 1003";"Public";"";""
"Maupiti";"Elem";"ecole.maupiti@education.pf";"98732";"Ecole primaire Maupiti";"Polynésie Française";"Ile Maupiti, Islv Maupiti";"Public";"";""
"Huahine";"Elem";"ecole.fitii@education.pf";"98731";"Groupe scolaire Fitii";"Polynésie Française";"Fitii, Islv Huahine (Fitii) / Bp 382";"Public";"";""
"Punaauia";"Elem";"ecole.punavai@education.pf";"98718";"Ecole élémentaire Punavai Plaine";"Polynésie Française";"Pk 13.1 C-Mt Punavai Plaine, Idv Tahiti (Punaauia)";"Public";"";""
"Rapa";"Elem";"ecole.ahurei@education.pf";"98751";"Ecole primaire Ahurei Tevii";"Polynésie Française";"Ahurei, Australes Rapa";"Public";"";""
"Papeete";"Elem";"siep@escape.pf";"98714";"Ecole élémentaire privée Charles Vienot";"Polynésie Française";"Rue Charles Vienot, Idv Tahiti / Bp 49";"Privé";"";""
"Uturoa";"Elem";"direco@camju.ddec.pf";"98735";"Ecole primaire privée Anne Marie Javouhey";"Polynésie Française";"Quartier Tonoi, Bp 7";"Privé";"";""
"Fangatau";"Elem";"ecole.fakahina@education.pf";"98766";"Ecole primaire FAKAHINA Te Niu Karakerake";"Polynésie Française";"Atoll De Fakahina, Tg Fangatau (Fakahina)";"Public";"";""
"Mahina";"Mater";"maternelle.fareroi@education.pf";"98709";"Ecole maternelle Fareroi";"Polynésie Française";"Pk 10,5 C/Mer Lot Cps  Mahina, Idv Tahiti (Mahina)";"Public";"";""
"Bora-bora";"Mater";"maternelle.namaha1@education.pf";"98730";"Ecole Maternelle NAMAHA 1";"Polynésie Française";"Tiipoto, Islv Bora Bora (Tiipoto) / Bp 509";"Public";"";""
"Fakarava";"Elem";"ecole.raraka@education.pf";"98790";"Ecole primaire Raraka";"Polynésie Française";"Atoll De Raraka, Tg Fakarava";"Public";"";""
"Faaa";"Mater";"ecole.verotia@education.pf";"98704";"Ecole maternelle Verotia";"Polynésie Française";"Route De Puurai Pk 4,5 C/Mt, Aratia Ve, Idv Tahiti (Faa'A) / Bp 62006";"Public";"";""
"Papara";"Elem";"ecole.tiamao@education.pf";"98712";"Ecole primaire Tiama'o";"Polynésie Française";"Pk 30.4 C Mont Papar, Idv Tahiti (Papara) / Bp 12011";"Public";"";""
"Arue";"Elem";"ecole.erima@education.pf";"98701";"Ecole primaire Erima";"Polynésie Française";"Lotissement Erima Pk 4.7 C-Mont  Arue, Idv Tahiti (Arue) / Bp 14141";"Public";"";""
"Paea";"Elem";"gs.papehue@education.pf";"98711";"Groupe scolaire Papehue";"Polynésie Française";"Pk 18.5  C Mont Paea, Idv Tahiti (Paea) / Bp 10406";"Public";"";""
"Tahaa";"Elem";"ecole.tapuamu@education.pf";"98733";"ECOLE PRIMAIRE PUBLIQUE TAPUAMU";"Polynésie Française";"Village, Haamene / Bp 34";"Public";"";""
"Ua-huka";"Elem";"ecole.uahuka@education.pf";"98744";"Ecole primaire de Ua Huka";"Polynésie Française";"Vallée, Ua Huka";"Public";"";""
"Papeete";"Elem";"direco@mis.ddec.pf";"98713";"ECOLE PRIMAIRE DE LA MISSION";"Polynésie Française";"Rue Tepapa Mission, Bp 4612";"Privé";"";""
"Nouméa";"Elem";"direcole.boletti@province-sud.nc";"98800";"Ecole maternelle Christine Boletti";"Nouvelle Calédonie";"10  Rue Charles Steinmetz, Magenta";"Public";"-22.26598778707112";"166.4659606760888"
"Faaa";"Elem";"direco@nda.ddec.pf";"98704";"Ecole primaire privée Notre-Dame des Anges";"Polynésie Française";"Pk 5 C Mt Faa', Idv Tahiti / Bp 6003";"Privé";"";""
"Saint-Martin";"Elem";"ce.9710568r@ac-guadeloupe.fr";"97150";"Ecole élémentaire Omer ARRONDELL";"Saint-Martin";"Rue Du Coralita, Quartier D'Orléans";"Public";"18.06709378001632";"-63.03429988290414"
"Nouméa";"Elem";"direcole.bichon@province-sud.nc";"98800";"Ecole élémentaire Charles Bichon";"Nouvelle Calédonie";"82 Avenue Du Général De Gaulle, Orphelinat";"Public";"-22.280804226122594";"166.44377746657247"
"Nouméa";"Elem";"direcole.cosnier@province-sud.nc";"98800";"Ecole primaire Amélie Cosnier";"Nouvelle Calédonie";"94  Avenue James Cook, Nouville";"Public";"-22.26191095063479";"166.4047654707377"
"Paita";"Elem";"ce.9830036x@ac-noumea.nc";"98890";"Ecole élémentaire Heinrich Ohlen";"Nouvelle Calédonie";"Place Du Village, Bp 40";"Public";"-22.12961447989499";"166.36979239361824"
"Yaté";"Elem";"direcole.gs-banian@province-sud.nc";"98834";"Groupe scolaire Le Banian";"Nouvelle Calédonie";"39 Lotissement Municipal, Waho / Bp 15";"Public";"-22.159270143244935";"166.9447095578827"
"Canala";"Elem";"g.freminet@province-nord.nc";"98813";"Ecole primaire de Canala";"Nouvelle Calédonie";"Lotissement De Kuinet, Bp 51";"Public";"-21.520816201203274";"165.96541324486174"
"Nouméa";"Elem";"direcole.lods@province-sud.nc";"98800";"Ecole élémentaire Gustave Lods";"Nouvelle Calédonie";"63  Rue Varin, Logicoop Ducos";"Public";"-22.238128200012756";"166.4354115003735"
"Nouméa";"Elem";"direcole.risbec@province-sud.nc";"98800";"Ecole primaire Ernest Risbec";"Nouvelle Calédonie";"19  Rue Du Cdt Riviere, Trianon";"Public";"-22.284475743232957";"166.45205623464048"
"Nouméa";"Elem";"direcole.courtot@province-sud.nc";"98800";"Groupe scolaire Courtot - Gervolino";"Nouvelle Calédonie";"234  Rue Jacques Iekawe, Pk5";"Public";"-22.243136662030945";"166.47027234653652"
"Hienghene";"Mater";"jf.ayawa@province-nord.nc";"98815";"Ecole maternelle de Tiwamack";"Nouvelle Calédonie";"Lieu-Dit Tiwamack, Bp 64";"Public";"-20.72254347419566";"164.928638895016"
"Hienghene";"Elem";"s.wenahin@province-nord.nc";"98815";"Ecole primaire de Ouayaguette";"Nouvelle Calédonie";"Lieu-Dit Tribu Ouayaguette";"Public";"-20.65860478956138";"164.68288111002735"
"Houailou";"Elem";"ecole.wani@province-nord.nc";"98816";"Ecole primaire de Nékoué";"Nouvelle Calédonie";"Lieu-Dit Tribu De Nekoue";"Public";"-21.25238941402779";"165.60370791119843"
"Poindimie";"Elem";"n.nomoredjo@province-nord.nc";"98822";"Ecole primaire de Bayes";"Nouvelle Calédonie";"Lieu-Dit Bayes, Bayes / Bp 05";"Public";"-20.953206359607105";"165.41063290559882"
"Ponerihouen";"Elem";"c.atti@province-nord.nc";"98823";"Ecole primaire de Monéo";"Nouvelle Calédonie";"Lieu-Dit Tribu De Moneo, Bp 67";"Public";"-21.15163613041122";"165.47809382093104"
"Ponerihouen";"Elem";"jp.apiazari@province-nord.nc";"98823";"Ecole élémentaire de Ponérihouen";"Nouvelle Calédonie";"Village De Ponerihouen, Bp 02";"Public";"-21.070810403477772";"165.4025194811415"
"Touho";"Elem";"ecole.tuocemuhi@province-nord.nc";"98831";"Ecole primaire de Touho";"Nouvelle Calédonie";"Groupe Scolaire Raymond Tein Pabouty, Bp 11";"Public";"-20.780759622787105";"165.23440904195334"
"Voh";"Elem";"l.berthelot@province-nord.nc";"98833";"Ecole élémentaire de Voh";"Nouvelle Calédonie";"Village De Voh, Bp 203";"Public";"-20.948377492949074";"164.68392639419196"
"Nouméa";"Elem";"direcole.talon@province-sud.nc";"98800";"Ecole élémentaire Daniel Talon";"Nouvelle Calédonie";"144  Route De La Baie Des Dames, Logicoop 2";"Public";"-22.23425014251264";"166.42987068863587"
"Pouebo";"Elem";"rm.nimbaye@province-nord.nc";"98824";"Ecole primaire de Pouébo";"Nouvelle Calédonie";"Village De Pouebo, Bp 53";"Public";"-20.391567437625813";"164.57889728777144"
"Dumbea";"Elem";"direction.bardou@canl.nc";"98835";"Ecole élémentaire Victorien Bardou";"Nouvelle Calédonie";"22 Avenue D'Auteuil, Koutio";"Public";"-22.21022096166327";"166.47270708319516"
"Nouméa";"Elem";"direcole.charbonneaux@province-sud.nc";"98800";"Ecole élémentaire Antoinette Charbonneaux";"Nouvelle Calédonie";"1  Rue Andre Rolly, Magenta";"Public";"-22.27372482685163";"166.4668199129005"
"Mont-dore";"Elem";"direcole.riziere@province-sud.nc";"98810";"Ecole élémentaire La rizière";"Nouvelle Calédonie";"89 Rue Du Vieux Pont, La Coulee / Bp 263";"Public";"-22.23326786670198";"166.57415997905593"
"Mont-dore";"Mater";"direcole.dauphins@province-sud.nc";"98875";"Ecole maternelle Les Dauphins";"Nouvelle Calédonie";"Route De La Corniche, Vallon Dore / Bp 5071";"Public";"-22.27682042231382";"166.57253675164708"
"Ponerihouen";"Mater";"c.sahan@province-nord.nc";"98823";"Ecole maternelle de Ponérihouen";"Nouvelle Calédonie";"Lieu-Dit Village De Ponerihouen, Bp 86";"Public";"-21.071611056410784";"165.4016116087241"
"Paita";"Elem";"direcole.paddon@province-sud.nc";"98890";"Ecole élémentaire James Paddon";"Nouvelle Calédonie";"12 Voie Urbaine Lot Administratif, Paita Village / Bp 115";"Public";"-22.13379109539904";"166.35955679334182"
"Kone";"Elem";"ecole.ateou@province-nord.nc";"98860";"Ecole primaire de Atéou";"Nouvelle Calédonie";"Route Tribu D Ateou, Ateou / Bp 36";"Public";"-20.946851980268878";"164.90886755517275"
"Nouméa";"Elem";"mathilde.broquet@ville-noumea.nc";"98800";"Ecole primaire Mathilde Broquet";"Nouvelle Calédonie";"24  Rue Pierre Lartigue Magenta, Porte De Fer Magenta";"Public";"-22.256501421685584";"166.46738557767472"
"Nouméa";"Elem";"direcole.desbrosse@province-sud.nc";"98800";"Ecole primaire Edmond Desbrosse";"Nouvelle Calédonie";"98  Route De La Baie Des Dames, Kamere / Bp 17245";"Public";"-22.232654436313535";"166.43580253543666"
"Nouméa";"Elem";"abc2@lagoon.nc";"98800";"Ecole primaire privée Atout Bout'chou 2";"Nouvelle Calédonie";"243  Rue Jacques Iekawe";"Privé";"-22.239048838754304";"166.4723544871783"
"Paita";"Mater";"direcole.mat-scheffleras@province-sud.nc";"98890";"Ecole maternelle les Scheffleras";"Nouvelle Calédonie";"Route Du Mont Mou, Bp 125";"Public";"-22.11921639107988";"166.37120051437057"
"Mont-dore";"Elem";"direcole.gs-vallon-dore@province-sud.nc";"98875";"Ecole primaire La Briqueterie";"Nouvelle Calédonie";"298 Rue Des Roseaux, Vallon-Dore / Bp 5401";"Public";"-22.26290691933195";"166.56631133899097"
"Mont-dore";"Elem";"direcole.gs-clavel@province-sud.nc";"98810";"Groupe scolaire Jacques Clavel";"Nouvelle Calédonie";"70 Rue Des Kaoris, Robinson";"Public";"-22.2190951123824";"166.5138030309476"
"Kone";"Elem";"ecole.tiaoue@province-nord.nc";"98860";"Ecole primaire Tiaoue";"Nouvelle Calédonie";"Tribu De Tiaoue, Bp 36";"Public";"-21.000018098593536";"164.91697557494356"
"Paita";"Elem";"ce.9830702w@ac-noumea.nc";"98889";"Ecole primaire Jean-Baptiste Gustin";"Nouvelle Calédonie";"168 Voie Urbaine, Gadji";"Public";"-22.13923519257547";"166.38080985163253"
"Fatu-huva";"Elem";"ecole.omoa@education.pf";"98740";"Ecole primaire Omoa";"Polynésie Française";"Marq Fatu-Hiva (Omoa)";"Public";"";""
"Nuku-hiva";"Elem";"ecole.hatiheu@education.pf";"98748";"Ecole primaire Hatiheu";"Polynésie Française";"Nuku Hiva, Marq Nuku Hiva (Hatiheu)";"Public";"";""
"Ua-pou";"Elem";"ecole.hakahetau@education.pf";"98745";"Ecole primaire Hakahetau";"Polynésie Française";"Marq Ua Pou (Hakahetau), Marq Ua Pou (Hakahetau) / Bp 111";"Public";"";""
"Ua-pou";"Elem";"ecole.hakatao@education.pf";"98745";"Ecole primaire Hakatao";"Polynésie Française";"Marq Ua Pou (Hakatao)";"Public";"";""
"Teva i uta";"Elem";"ecole.mairipehe@education.pf";"98726";"Ecole primaire Mairipehe";"Polynésie Française";"Pk 44 C Mer  Mataiea  Teva I Uta, Idv Tahiti (Mataiea-Tiu)";"Public";"";""
"Teva i uta";"Elem";"ecole.matairea@education.pf";"98727";"Ecole élémentaire Matairea";"Polynésie Française";"Pk 53.2 C Mont Papeari, Idv Tahiti (Papeari-Tiu) / Bp 16411";"Public";"";""
"Taiarapu";"Elem";"elementaire.ohiteitei@education.pf";"98719";"Ecole élémentaire Ohiteitei";"Polynésie Française";"Route Taravao  Taiarapu-Est, Idv Tahiti (Taravao-Te) / Bp 7687";"Public";"";""
"Taiarapu-o";"Elem";"ecole.potii@education.pf";"98725";"Ecole primaire Potii";"Polynésie Française";"Pk 9.7 C Mer Vairao, Idv Tahiti (Vairao)";"Public";"";""
"Arue";"Elem";"ecole.ahutoru@education.pf";"98701";"Ecole primaire ARUE 1 Ahutoru";"Polynésie Française";"Pk 5.3 C-Mer   Arue, Idv Tahiti (Arue)";"Public";"";""
"Manihi";"Elem";"ecole.manihi@education.pf";"98771";"Ecole primaire Manihi";"Polynésie Française";"Atoll De Manihi, Tg Manihi";"Public";"";""
"Fangatau";"Elem";"ecole.fangatau@education.pf";"98765";"Ecole primaire FANGATAU PAETAHA";"Polynésie Française";"Tg Fangatau";"Public";"";""
"Arutua";"Elem";"ecole.kaukura@education.pf";"98785";"Ecole primaire Kaukura";"Polynésie Française";"Kaukura-Arutua, Tg Arutua (Kaukura)";"Public";"";""
"Manihi";"Elem";"ecole.ahe@education.pf";"98770";"Ecole primaire Ahe";"Polynésie Française";"Atoll De Ahe, Tg Manihi (Ahe) / Bp 75";"Public";"";""
"Tatakoto";"Elem";"ecole.tatakoto@education.pf";"98783";"Ecole primaire Tatakoto";"Polynésie Française";"Atoll De Tatakoto, Tg Tatakoto / Bp 4";"Public";"";""
"Fakarava";"Elem";"ecole.kauehi@education.pf";"98787";"Ecole primaire Kauehi Tehonomea";"Polynésie Française";"Kauehi-Fakarava, Tg Fakarava (Kauehi)";"Public";"";""
"Moorea";"Elem";"ecole.afareaitu@education.pf";"98728";"Ecole primaire Afareaitu";"Polynésie Française";"Pk 9 Afareaitu-Moorea, Idv Moorea (Afareaitu)";"Public";"";""
"Moorea";"Elem";"elementaire.paopao@education.pf";"98728";"Ecole élémentaire Pao Pao";"Polynésie Française";"Pk 9,5 C Mon, Idv Moorea (Maharepa) / Bp 556";"Public";"";""
"Bora-bora";"Elem";"ecole.anau@education.pf";"98730";"Ecole Anau primaire Vaipao";"Polynésie Française";"Pk12,5 Anau, Islv Bora Bora (Anau) / Bp 199";"Public";"";""
"Uturoa";"Elem";"ecole.vaitahe@education.pf";"98735";"Ecole primaire Vaitahe Tahina";"Polynésie Française";"Pk 1.4 Uturoa Raiatea, Islv Raiatea (Uturoa) / Bp 444";"Public";"";""
"Tahaa";"Elem";"ecole.patio@education.pf";"98733";"Ecole primaire Turama (Patio)";"Polynésie Française";"Patio Pk0, Islv Tahaa (Patio) / Bp 1";"Public";"";""
"Pirae";"Elem";"ecole.fautauaval@education.pf";"98716";"Ecole primaire Val Fautaua";"Polynésie Française";"Rue Paul Berniere  Pirae, Idv Tahiti (Pirae) / Bp 51117";"Public";"";""
"Fakarava";"Elem";"ecole.fakarava@education.pf";"98763";"Ecole primaire Fakarava Rotoava";"Polynésie Française";"Atoll De Fakarava, Tg Fakarava / Bp 102";"Public";"";""
"Hikueru";"Elem";"ecole.marokau@education.pf";"98790";"Ecole primaire Marokau";"Polynésie Française";"Village, Tg Hikueru";"Public";"";""
"Papara";"Elem";"elementaire.taharuu@education.pf";"98712";"Ecole élémentaire Taharu'u";"Polynésie Française";"Pk 39,2  C Mont Papara, Idv Tahiti (Papara) / Bp 12003";"Public";"";""
"Punaauia";"Mater";"ecole.uririnui@education.pf";"98718";"Ecole maternelle publique Uriri Nui";"Polynésie Française";"Pk 13 C-Mt  Punaauia  	Bp380583 Tam, Idv Tahiti (Punaauia)";"Public";"";""
"Taiarapu";"Mater";"maternelle.tamahere@education.pf";"98719";"Ecole maternelle Hei Tama Here";"Polynésie Française";"Plateau De Taravao Taiarapu-Est, Idv Tahiti (Taravao-Te) / Bp 8923";"Public";"";""
"Fakarava";"Elem";"ecole.aratika@education.pf";"98763";"Ecole primaire ARATIKA Taura Tamariki";"Polynésie Française";"Atoll De Aratika, Tg Fakarava (Aratika) / Bp 02";"Public";"";""
"Hao";"Elem";"ecole.hereheretue@education.pf";"98790";"Ecole primaire Hereheretue Reukaturi";"Polynésie Française";"Hao, Tg Hao (Hereheretue)";"Public";"";""
"Papeete";"Mater";"maternelle.tamanui@education.pf";"98714";"Ecole maternelle Tama Nui";"Polynésie Française";"Rue Madeleine Moua Paofai, Idv Tahiti (Papeete)";"Public";"";""
"Papeete";"Elem";"ecole.toata@education.pf";"98714";"Ecole élémentaire To'ata";"Polynésie Française";"Rue N. Spitz, Face Stade W. Bambridge, Idv Tahiti (Papeete) / Bp 20681";"Public";"";""
"Faaa";"Mater";"ce.9840475u@ac-polynesie.pf";"98704";"ECOLE MONTESSORI POLYNESIE";"Polynésie Française";"Allée, Faaa / Bp 13499";"Privé";"";""
"Huahine";"Elem";"ecole.haapu@education.pf";"98731";"ECOLE PRIMAIRE PUBLIQUE DE HAAPU";"Polynésie Française";"Village, Parea / Bp 384";"Public";"";""
"Tahaa";"Elem";"ecole.faaaha@education.pf";"98734";"ECOLE PRIMAIRE PUBLIQUE FAAAHA";"Polynésie Française";"Village, Haamene / Bp 135";"Public";"";""
"Taputapuatea";"Elem";"ecole.avera@education.pf";"98735";"Ecole primaire AAHIATA";"Polynésie Française";"Lieu-Dit Avera, Bp 599";"Public";"";""
"Taputapuatea";"Mater";"ecole.faaroa@education.pf";"98735";"Ecole maternelle de FAAROA";"Polynésie Française";"Lieu-Dit Pk 13 Baie De Faaroa, Bp 599";"Public";"";""
"Taputapuatea";"Elem";"ecole.opoa@education.pf";"98735";"Ecole primaire de OPOA";"Polynésie Française";"Lieu-Dit Opoa";"Public";"";""
"Huahine";"Elem";"ecole.maeva@education.pf";"98731";"Ecole élémentaire de Maeva";"Polynésie Française";"Route, Maeva / Bp 351";"Public";"";""
"Ouvéa";"Elem";"j-adjouhniope@loyalty.nc";"98814";"Ecole primaire de Fayaoué";"Nouvelle Calédonie";"Lieu-Dit Fayaoue";"Public";"-20.653953698689737";"166.53424737002473"
"Maré";"Mater";"k-waheo@loyalty.nc";"98828";"Ecole maternelle de Wabao";"Nouvelle Calédonie";"Route Wabao";"Public";"-21.601918925715186";"167.92825568192896"
"Lifou";"Mater";"p-wahnyamalla@loyalty.nc";"98820";"Ecole maternelle de Wassanyi";"Nouvelle Calédonie";"Route Hnaeu";"Public";"-21.009380974619315";"167.37810031661016"
"Pirae";"Elem";"direco@stm.ddec.pf";"98716";"Ecole primaire privée Saint Michel";"Polynésie Française";", Bp 5672";"Privé";"";""
"Pirae";"Elem";"direco@sttp.ddec.pf";"98716";"ECOLE PRIMAIRE ST PAUL-ST THERESE";"Polynésie Française";"Cour De L'Union Sacree, Idv Tahiti / Bp 51277";"Privé";"";""
"Saint-Martin";"Elem";"ce.9710210b@ac-guadeloupe.fr";"97150";"Ecole élémentaire Marie-Amélie LEYDET";"Saint-Martin";"Rue Des Surettes, Spring Concordia";"Public";"18.065515918716056";"-63.07490019965174"
"Saint-Barthélemy";"Elem";"ce.9710453r@ac-guadeloupe.fr";"97133";"Ecole primaire privée Saint Joseph";"Saint-Barthélémy";"Rue Lorient";"Privé";"17.906047920183067";"-62.83220993025767"
"Saint-Barthélemy";"Elem";"ce.9710454s@ac-guadeloupe.fr";"97133";"Ecole primaire privée Sainte Marie";"Saint-Barthélémy";"Rue Colombier";"Privé";"17.912432608274575";"-62.85314995102077"
"Saint-Martin";"Elem";"ce.9710805y@ac-guadeloupe.fr";"97150";"Ecole élémentaire Aline Hanson";"Saint-Martin";"Route Sandy Ground";"Public";"18.056904728247023";"-63.10101989552052"
"Dumbea";"Elem";"perm@nautile.nc";"98835";"Ecole primaire privée La petite école qui regarde la montagne";"Nouvelle Calédonie";"266 Route De La Couvelée";"Privé";"-22.138442910877057";"166.4657561686078"
"Paita";"Mater";"direcole.mat-jean@province-sud.nc";"98889";"Ecole maternelle Patrice Jean";"Nouvelle Calédonie";"Lotissement Ondémia, Rive Droite Ondémia";"Public";"-22.120406773063813";"166.34229000313283"
"Ua-pou";"Elem";"csp.hakahau@education.pf";"98745";"Centre Scolaire Primaire Hakahau";"Polynésie Française";"Village Hakahau Bp15, Marq Ua Pou (Hakahau)";"Public";"";""
"Fatu-huva";"Elem";"ecole.hanavave@education.pf";"98740";"Ecole primaire Hanavave";"Polynésie Française";"Marq Fatu-Hiva (Hanavave)";"Public";"";""
"Hiva-oa";"Elem";"csp.atuona@education.pf";"98741";"Centre scolaire primaire Atuona";"Polynésie Française";"Marq Hiva Oa (Atuona), Marq Hiva Oa (Atuona) / Bp 13";"Public";"";""
"Tahuata";"Elem";"ecole.hanatetena@education.pf";"98743";"Ecole primaire Hanatetena";"Polynésie Française";"Vaitahu, Marq Tahuata (Hanatetena)";"Public";"";""
"Hiva-oa";"Elem";"ecole.hanapaaoa@education.pf";"98741";"Ecole primaire Hanapaaoa";"Polynésie Française";"Marq Hiva Oa (Hanapaaoa), Marq Hiva Oa (Hanapaaoa) / Bp 381";"Public";"";""
"Papeete";"Elem";"ecole.paofai@education.pf";"98714";"Ecole élémentaire Paofai";"Polynésie Française";"Rue Madeleine Moua, Idv Tahiti (Papeete)";"Public";"";""
"Paea";"Elem";"gs.maraa@education.pf";"98711";"Groupe scolaire Mara'a-Vaipuari'i";"Polynésie Française";"Pk 26.9 C Mont Paea, Idv Tahiti (Paea) / Bp 10395";"Public";"";""
"Papara";"Elem";"elementaire.apatea@education.pf";"98712";"Ecole élémentaire Apatea";"Polynésie Française";"Pk 36 C Mer Papara, Idv Tahiti (Papara) / Bp 12004";"Public";"";""
"Taiarapu";"Elem";"ecole.faaone@education.pf";"98720";"Ecole primaire Faaone Ahiti Tera";"Polynésie Française";"Pk 48.6  C Mont Faaone, Idv Tahiti (Faaone)";"Public";"";""
"Hao";"Elem";"ecole.hao@education.pf";"98767";"Ecole primaire Hao Te Tahua o Fariki";"Polynésie Française";"Village Otepa, Tg Hao / Bp 5";"Public";"";""
"Tumaraa";"Elem";"gs.tevaitoa@education.pf";"98735";"Groupe scolaire Tevaitoa Tehurui";"Polynésie Française";"Tevaitoa Pk 15 C  Mer, Islv Raiatea (Tevaitoa)";"Public";"";""
"Tahaa";"Elem";"ecole.vaitoare@education.pf";"98733";"Groupe scolaire Vaitoare Poutoru";"Polynésie Française";"Pk 31.7 Vaitoare, Islv Tahaa (Vaitoare Pou)";"Public";"";""
"Nukutavake";"Elem";"ecole.vahitahi@education.pf";"98788";"Ecole primaire Vahitahi";"Polynésie Française";"Atoll De Vahitahi, Tg Nukutavake (Vahitahi)";"Public";"";""
"Nukutavake";"Elem";"ecole.nukutavake@education.pf";"98773";"Ecole primaire Nukutavake";"Polynésie Française";"Nukutavake, Tg Nukutavake";"Public";"";""
"Faaa";"Mater";"ecole.heiri@education.pf";"98704";"Ecole maternelle Heiri";"Polynésie Française";"Pk 6,2 C/Mt Lot. Heiri, Idv Tahiti (Faa'A) / Bp 60085";"Public";"";""
"Hiva-oa";"Elem";"direco@cesa.ddec.pf";"98741";"Ecole primaire privée Sainte Anne";"Polynésie Française";"Ile Atuona, Mq Hiva Oa / Bp 6";"Privé";"";""
"Tureia";"Elem";"ecole.tureia@education.pf";"98784";"Ecole primaireTureia";"Polynésie Française";"Village De Fakamaru-Tureia, Tg Tureia";"Public";"";""
"Papeete";"Mater";"ecole.uitama@education.pf";"98714";"Ecole maternelle Ui Tama";"Polynésie Française";"Tipaerui Papeete, Idv Tahiti (Papeete) / Bp 658";"Public";"";""
"Makemo";"Elem";"ecole.taenga@education.pf";"98790";"Ecole primaire Taenga";"Polynésie Française";"Village, Tg Makemo (Taenga)";"Public";"";""
"Teva i uta";"Elem";"gs.nuutafaratea@education.pf";"98726";"Groupe scolaire Nuutafaratea";"Polynésie Française";"Pk 46.9 C Mont.  Mataiea, Idv Tahiti (Mataiea-Tiu) / Bp 15609";"Public";"";""
"Papeete";"Elem";"gs.hitivainuivaitama@education.pf";"98714";"Groupe scolaire Hitivainui Vaitama";"Polynésie Française";"Allée Pierre Loti  Titioro Papeete, Idv Tahiti (Papeete)";"Public";"";""
"Rangiroa";"Elem";"ecole.makatea@education.pf";"98790";"Ecole primaire Makatea Vaitepaua";"Polynésie Française";"Makatea-Rangiro, Tg Rangiroa (Makatea)";"Public";"";""
"Paea";"Mater";"maternelle.vaiterupe@education.pf";"98711";"Ecole maternelle Vaiterupe";"Polynésie Française";"Pk 22.7 C/Mont Vaiterupe Paea, Idv Tahiti (Paea) / Bp 10172";"Public";"";""
"Papara";"Mater";"maternelle.taharuu@education.pf";"98712";"Ecole maternelle Taharu'u";"Polynésie Française";"Pk 39 2  C-Mt  Papara, Idv Tahiti (Papara) / Bp 12014";"Public";"";""
"Faaa";"Elem";"ecole.teroma@education.pf";"98704";"Ecole primaire Teroma";"Polynésie Française";"Lotissement Pk6,5 C Mt Teroma 1 Faa'A, Idv Tahiti (Faa'A) / Bp 60083";"Public";"";""
"Mahina";"Mater";"maternelle.farevaa@education.pf";"98709";"Ecole maternelle Fare Va'a";"Polynésie Française";"Pointe Venus  Mahina, Idv Tahiti (Mahina) / Bp 11994";"Public";"";""
"Papara";"Elem";"ecole.apea@education.pf";"98712";"Ecole élémentaire Apea";"Polynésie Française";"Pk 35.5 C Mont Papara, Idv Tahiti (Papara) / Bp 12019";"Public";"";""
"Tureia";"Elem";"ecole.tematangi@education.pf";"98784";"Ecole primaire Tematangi";"Polynésie Française";"Atoll De Tematangi, Tg Tureia (Tematangi)";"Public";"";""
"Bora-bora";"Elem";"ecole.namaha2@education.pf";"98730";"Ecole élémentaire Namaha 2";"Polynésie Française";"Tiipoto, Islv Bora Bora (Vaitape) / Bp 180";"Public";"";""
"Tahaa";"Elem";"ecole.matieroa@education.pf";"98733";"Ecole primaire publique Matie Roa";"Polynésie Française";"Village Haamene Pk 21, Haamene / Bp 135";"Public";"";""
"Tahaa";"Elem";"ecole.tiva@education.pf";"98733";"ECOLE PRIMAIRE PUBLIQUE DE TIVA";"Polynésie Française";"Village Tiva Pk 13,5, Haamene / Bp 132";"Public";"";""
"Taputapuatea";"Elem";"ecole.puohine@education.pf";"98735";"Ecole primaire TE HIHI O TE MARAMARAMA";"Polynésie Française";"Lieu-Dit Puohine";"Public";"";""
"Huahine";"Elem";"ecole.faie@education.pf";"98731";"Ecole maternelle de Faie";"Polynésie Française";"Route, Faie / Bp 351";"Public";"";""
"Punaauia";"Elem";"ce.9840518r@ac-polynesie.pf";"98718";"Tahiti International School ( Ecole Bilingue )";"Polynésie Française";"Allée Pk 11 Coté Mer, Bp 38068";"Privé";"";""
"Pirae";"Elem";"ecole.tuteraitane@education.pf";"98716";"Ecole TUTERAI TANE primaire";"Polynésie Française";"Rue Tuterai Tane, Route De L'Hippodrome / Bp 51504";"Public";"";""
"Saint pierre";"Mater";"ce.9750002d@ac-normandie.fr";"97500";"Ecole maternelle Ile aux enfants";"St-Pierre-et-Miquelon";"Place Amiral Courbet, St Pierre / Bp 4259";"Public";"46.782373625867955";"-56.17733040207509"
"Miquelon-langlade";"Mater";"ce.97500013r@ac-normandie.fr";"97500";"Ecole maternelle privée Soeur Hilarion";"St-Pierre-et-Miquelon";"3 Rue Sourdeval, Miquelon Langlade";"Privé";"47.10057585880362";"-56.37885963163175"
"Lifou";"Elem";"h-wananije@loyalty.nc";"98820";"Ecole primaire pilote de Wé";"Nouvelle Calédonie";"Route De Hnasse, Bp 122";"Public";"-20.91873792725982";"167.2687197528301"
"Bouloupari";"Elem";"direcole.mathieu@province-sud.nc";"98812";"Ecole élémentaire Daniel Mathieu";"Nouvelle Calédonie";"Rt1 Boulouparis";"Public";"-21.865218630493395";"166.04853380155143"
"Mont-dore";"Elem";"direcole.vallon-dore@province-sud.nc";"98809";"Ecole élémentaire du Vallon-Dore";"Nouvelle Calédonie";"1622 Route De La Corniche, Plum / Bp 5140";"Public";"-22.27574804818938";"166.57186301352104"
"Paita";"Elem";"direcole.martinet@province-sud.nc";"98840";"Groupe scolaire Henri Martinet";"Nouvelle Calédonie";"Lotissement Karenga, Bp 16";"Public";"-22.01100189613415";"166.22356018717886"
"Nouméa";"Elem";"direcole.griscelli@province-sud.nc";"98800";"Ecole primaire François Griscelli";"Nouvelle Calédonie";"21  Rue Dumont D'Urville, 2Eme Vallee Du Tir";"Public";"-22.258350213442917";"166.4484435515419"
"Koumac";"Elem";"ecole.charlesmermoud@province-nord.nc";"98850";"Ecole élémentaire Charles Mermoud";"Nouvelle Calédonie";"9 Rue Helene De St Quentin";"Public";"-20.55734767958016";"164.28256691018902"
"Poum";"Elem";"ecole.pum@province-nord.nc";"98826";"Ecole primaire de Poum";"Nouvelle Calédonie";"Lieu-Dit Poum";"Public";"-20.232591232811266";"164.0239440971884"
"Maré";"Elem";"philippe.t@lagoon.nc";"98878";"Ecole primaire privée de Wakone";"Nouvelle Calédonie";"Route Wakone, Wakone / Bp 1023";"Privé";"-21.45923022621874";"168.09344155020048"
"Nouméa";"Mater";"direcole.mat-oeillets@province-sud.nc";"98800";"Ecole maternelle Les Oeillets";"Nouvelle Calédonie";"1 Rue Eugène Mamelin";"Public";"-22.2303439758613";"166.46878569390904"
"Poindimie";"Mater";"i.paimen@province-nord.nc";"98822";"Ecole maternelle de Poindimié";"Nouvelle Calédonie";"Lot Secal, Village De Poindimie / Bp 157";"Public";"-20.932663544036522";"165.32665631984509"
"Canala";"Elem";"r.nefoerenu@province-nord.nc";"98813";"Ecole primaire André Niamei";"Nouvelle Calédonie";"Route Tribu De Nakety";"Public";"-21.548126403350107";"166.0496836951841"
"Mont-dore";"Elem";"direcole.galinie@province-sud.nc";"98810";"Ecole élémentaire Louis Henri Galinié";"Nouvelle Calédonie";"1133 Rue Des 3 Banians, Robinson / Bp 71";"Public";"-22.216316616614712";"166.51280390591677"
"Nouméa";"Mater";"direcole.mat-lys@province-sud.nc";"98800";"Ecole maternelle Les Lys";"Nouvelle Calédonie";"18 Rue Blaise Pascal";"Public";"-22.299872648576184";"166.4420790790321"
"Nouméa";"Elem";"direcole.gs-trouillot-hibiscus@province-sud.nc";"98800";"Groupe scolaire Jacques Trouillot";"Nouvelle Calédonie";"15  Rue Noellat, Riviere Salee";"Public";"-22.22844130146444";"166.47099116260748"
"Mont-dore";"Elem";"direcole.saint-michel@province-sud.nc";"98810";"Ecole primaire Saint-Michel";"Nouvelle Calédonie";"32 Allees D'Algaoue, Saint-Michel / Bp 717";"Public";"-22.22469669236822";"166.53046757271767"
"Paita";"Elem";"direcole.scheffleras@province-sud.nc";"98890";"Ecole élémentaire Les Scheffleras";"Nouvelle Calédonie";"472  Route Scheffleras, Mont Mou / Bp 36";"Public";"-22.125730807743793";"166.36989885097432"
"Paita";"Elem";"direcole.tamoa@province-sud.nc";"98890";"Groupe scolaire de la Tamoa";"Nouvelle Calédonie";"Route Territoriale St Vencent, La Tamoa / Bp 101";"Public";"-22.060748468361485";"166.26606372875506"
"Nouméa";"Elem";"direcole.laigle@province-sud.nc";"98800";"Ecole primaire Serge Laigle";"Nouvelle Calédonie";"7  Rue Georges Leques";"Public";"-22.234458254399776";"166.4860171378611"
"Nouméa";"Elem";"direcole.mermoud@province-sud.nc";"98800";"Ecole primaire Jean Mermoud";"Nouvelle Calédonie";"19  Rue Michel Kauma, Domaine Tuband";"Public";"-22.29570237862234";"166.45488600833505"
"Nouméa";"Elem";"direcole.kamere@province-sud.nc";"98800";"Ecole primaire Maurice Fonrobert";"Nouvelle Calédonie";"160  Rue De La Baie Des Dames, Kamere";"Public";"-22.23205958073871";"166.42832188338286"
"Dumbea";"Elem";"direcole.dorbritz@province-sud.nc";"98835";"Ecole primaire Frédérick-Louis Dorbritz";"Nouvelle Calédonie";"39 Avenue De Bretagne, Bp 1976";"Public";"-22.19432252493413";"166.4374624659627"
"Nouméa";"Elem";"ce.9830674r@ac-noumea.nc";"98800";"Ecole primaire Guy Champmoreau";"Nouvelle Calédonie";"17  Rue Sihaze";"Public";"-22.289207805036057";"166.45208064282104"
"Faaa";"Elem";"direco@sth.ddec.pf";"98704";"Ecole Primaire privée Saint Hilaire";"Polynésie Française";"Route Du Mont Marau St Hilaire Pk 5,5, Bp 6013";"Privé";"";""
"Saint-Barthélemy";"Elem";"ce.9710341u@ac-guadeloupe.fr";"97133";"Ecole primaire Gustavia";"Saint-Barthélémy";"7 Rue De L'Église Gustavia, Gustavia / Bp 592";"Public";"17.898658406466016";"-62.84943972424056"
"Saint-Martin";"Mater";"ce.9710754t@ac-guadeloupe.fr";"97150";"Ecole maternelle Evelina Halley";"Saint-Martin";"Rue Jean-Luc Hamlet, Spring Concordia";"Public";"18.065676558458875";"-63.07076035285393"
"Saint-Martin";"Mater";"ce.9710768h@ac-guadeloupe.fr";"97150";"Ecole maternelle Eliane CLARKE";"Saint-Martin";"Rue Rue Britain, Spring, Quartier D'Orléans";"Public";"18.070925295196766";"-63.03393963714974"
"Saint-Martin";"Mater";"ce.9710875z@ac-guadeloupe.fr";"97150";"Ecole maternelle Ghislaine Rogers";"Saint-Martin";"Rue Des Ecoles, Grand-Case";"Public";"18.100986258726966";"-63.05513967908457"
"Saint-Martin";"Elem";"ce.9711197z@ac-guadeloupe.fr";"97150";"Ecole primaire Marie-Antoinette Richards";"Saint-Martin";"Rue Jardin Des Dains, Morne O'Reilly Rambaud";"Public";"18.085780200380068";"-63.06272012370455"
"Miquelon-langlade";"Elem";"ce.9750008k@ac-normandie.fr";"97500";"ECOLE QUATRE TEMPS MIQUELON";"St-Pierre-et-Miquelon";"3 Rue Sourdeval, Miquelon-Langlade / Bp 8519";"Public";"47.1002025604507";"-56.37955055653579"
"Saint pierre";"Elem";"ce.9750023b@ac-normandie.fr";"97500";"Ecole élémentaire privée Sainte -Odile";"St-Pierre-et-Miquelon";"14 Rue Boursaint, St Pierre / Bp 4245";"Privé";"46.781111422202244";"-56.175257535867466"
"Nouméa";"Elem";"frederic.surleau@ville-noumea.nc";"98800";"Ecole primaire Frédéric Surleau";"Nouvelle Calédonie";"7  Rue Frederic Surleau, Centre-Ville";"Public";"-22.27303216581324";"166.44587870833934"
"Nouméa";"Elem";"direcole.dupont@province-sud.nc";"98800";"Ecole élémentaire Yvonne Dupont";"Nouvelle Calédonie";"42  Rue Paddon, Receiving";"Public";"-22.293219160994376";"166.44125340302782"
"Dumbea";"Elem";"ecole.higginson@canl.nc";"98835";"Ecole primaire John Higginson";"Nouvelle Calédonie";"877 Route De Koe, De Koe / Bp 82";"Public";"-22.16255864750552";"166.45164864734312"
"Mont-dore";"Elem";"direcole.gs-chaniel@province-sud.nc";"98810";"Groupe scolaire Hélène Chaniel";"Nouvelle Calédonie";"Rue Helene Chaniel, Pont Des Francais";"Public";"-22.22133775492218";"166.48549805010543"
"Thio";"Elem";"direcole.gs-thio@province-sud.nc";"98829";"Groupe scolaire de Thio";"Nouvelle Calédonie";"Lieu-Dit Village De Thio, Bp 32";"Public";"-21.60956210920002";"166.21340326562353"
"Moindou";"Elem";"direcole.moindou@province-sud.nc";"98819";"Ecole primaire Odile Forest";"Nouvelle Calédonie";"Village De Moindou";"Public";"-21.692012203814254";"165.67632214556542"
"Nouméa";"Elem";"direcole.carlier@province-sud.nc";"98800";"Groupe scolaire Boyer - Carlier";"Nouvelle Calédonie";"14  Rue Bougainville, Faubourg Blanchot";"Public";"-22.279006137404078";"166.45427101163028"
"Hienghene";"Mater";"s.vaiadimoin@province-nord.nc";"98815";"Ecole maternelle de Tendo";"Nouvelle Calédonie";"Lieu-Dit Tribu De Tendo";"Public";"-20.712839516276556";"164.81387150867167"
"Houailou";"Elem";"l.trinome@province-nord.nc";"98838";"Ecole primaire de Poro";"Nouvelle Calédonie";"Lieu-Dit Poro, Bp 03";"Public";"-21.30046303802828";"165.70999676235306"
"Pouembout";"Elem";"o.song@province-nord.nc";"98825";"Groupe scolaire Léonie Avril";"Nouvelle Calédonie";"Village De Pouembout";"Public";"-21.1234737838869";"164.9009494483001"
"Nouméa";"Mater";"direcole.mat-frangipaniers@province-sud.nc";"98800";"Ecole maternelle Les Frangipaniers";"Nouvelle Calédonie";"Rue Marcel Kollen, Receiving / Bp 8994";"Public";"-22.293920491270224";"166.44242005206652"
"Lifou";"Mater";"ecole.we.pilote@lagoon.nc";"98820";"Ecole maternelle de Hnassé";"Nouvelle Calédonie";"Route We";"Public";"-20.91967345861193";"167.26804525238506"
"Mont-dore";"Elem";"direcole.boulari@province-sud.nc";"98810";"Groupe scolaire de Boulari";"Nouvelle Calédonie";"154 Rue Antoine Griscelli, Bp 104";"Public";"-22.227563566528953";"166.520516183596"
"Sarraméa";"Elem";"ce.9830315a@ac-noumea.nc";"98882";"Ecole primaire Kawa Cyprien Braïno";"Nouvelle Calédonie";"Route";"Public";"-21.651475780280624";"165.8292496991302"
"Nouméa";"Mater";"direcole.mat-roses@province-sud.nc";"98800";"Ecole maternelle Les Roses";"Nouvelle Calédonie";"9  Rue De Beaune, Riviere Salee / Bp 6694";"Public";"-22.237688446627317";"166.46470599642996"
"Dumbea";"Mater";"direcole.myosotis@province-sud.nc";"98835";"Ecole maternelle Les Myosotis";"Nouvelle Calédonie";"72 Avenue D'Auteuil, Koutio / Bp 1235";"Public";"-22.209948065779415";"166.4734045073736"
"Lifou";"Mater";"ecole.luengoni@lagoon.nc";"98820";"Ecole maternelle Henri Boula";"Nouvelle Calédonie";"Route Mou";"Public";"-21.09733936972763";"167.4057240845433"
"Paita";"Mater";"direcole.mat-palmiers@province-sud.nc";"98890";"Ecole maternelle Les Palmiers";"Nouvelle Calédonie";"Route De La Mairie, Bp 20";"Public";"-22.13287911189482";"166.35947699305802"
"Kone";"Elem";"ecole.lesallamandas@province-nord.nc";"98860";"Ecole primaire les Allamandas";"Nouvelle Calédonie";"247 Rue Paul Napoarea Lotissement Inte, Bp 36";"Public";"-21.052040289546508";"164.85646111132084"
"Mont-dore";"Elem";"direcole.ile-ouen@province-sud.nc";"98809";"Ecole primaire de l'Ile Ouen";"Nouvelle Calédonie";"Ile Ouen, Tribu De Ouara";"Public";"-22.425669656509267";"166.8414407375576"
"Dumbea";"Elem";"direcole.clain@province-sud.nc";"98830";"Ecole élémentaire Gustave Clain";"Nouvelle Calédonie";"49 Rue J. Monod Fsh, Koutio";"Public";"-22.208538779700863";"166.4605782950441"
"Dumbea";"Mater";"direcole.oasis@province-sud.nc";"98835";"Ecole maternelle L'Oasis";"Nouvelle Calédonie";"39 Rue Jacques Monod, Koutio 2";"Public";"-22.208635243231733";"166.46162605616314"
"Dumbea";"Elem";"direcole.duboise@province-sud.nc";"98835";"Ecole élémentaire Paul Duboise";"Nouvelle Calédonie";"65 Rue De L'Entree Lot Poncet, Katiramona / Bp 55 Ga";"Public";"-22.139833653928118";"166.4355150805043"
"Dumbea";"Elem";"direcole.gs-de-greslan@province-sud.nc";"98830";"Groupe scolaire Louise de Greslan";"Nouvelle Calédonie";"28 Avenue Numa Joubert, Koutio / Bp 552";"Public";"-22.20465860670652";"166.4724368619867"
"Nouméa";"Elem";"direction@eijc.nc";"98857";"Ecole internationale James Cook";"Nouvelle Calédonie";"7  Rue Fleming, Zi Ducos / Bp 18094";"Privé";"-22.28221909737856";"166.44489769265311"
"Dumbea";"Elem";"direcole.fong@province-sud.nc";"98830";"Ecole élémentaire Renée Fong";"Nouvelle Calédonie";"2 Bis Allée Jean-Louis Marie, Dumbéa Sur Mer";"Public";"-22.192038763309686";"166.44392387357385"
"Nuku-hiva";"Elem";"ecole.taiohae@education.pf";"98742";"Ecole primaire TAIOHAE";"Polynésie Française";"Vallée De Taiohae, Marq Nuku-Hiva (Taiohae) / Bp 16";"Public";"";""
"Nuku-hiva";"Elem";"ecole.taipivai@education.pf";"98742";"Ecole primaire Taipivai";"Polynésie Française";"98742 Nuku Hiva, Marq Nuku-Hiva (Taipivai) / Bp 49";"Public";"";""
"Raivavae";"Elem";"ecole.mahanatoa@education.pf";"98750";"Ecole primaire Mahanatoa Hataitararoa";"Polynésie Française";"Australes (Raivavae)";"Public";"";""
"Faaa";"Elem";"ecole.piafau@education.pf";"98704";"Ecole élémentaire Piafau";"Polynésie Française";"Pk 6,2 C Mont Piafau Faaa, Idv Tahiti (Faa'A) / Bp 6009";"Public";"";""
"Paea";"Elem";"ecole.vaiatu@education.pf";"98711";"Ecole élémentaire Vaiatu";"Polynésie Française";"Pk 21.5  Paea, Idv Tahiti (Paea) / Bp 10399";"Public";"";""
"Taiarapu-o";"Elem";"gs.toerefau@education.pf";"98724";"Groupe scolaire Toerefau Haitama";"Polynésie Française";"Pk 4.5 Toahotu  Taiarapu-Ouest, Idv Tahiti (Toahotu)";"Public";"";""
"Taiarapu";"Elem";"ecole.helene-auffray@education.pf";"98721";"Ecole primaire Hélène AUFFRAY";"Polynésie Française";"Pk 9,1  C Mont Pueu  Taravao, Idv Tahiti (Pueu)";"Public";"";""
"Taiarapu";"Elem";"gs.raiariitane@education.pf";"98722";"Groupe scolaire Raiarii Tane Huitama";"Polynésie Française";"Tautira  Taiarapu-Est, Idv Tahiti (Tautira) / Bp 89";"Public";"";""
"Hitiaa";"Elem";"ecole.faretai@education.pf";"98708";"Ecole primaire Faretai";"Polynésie Française";"Pk 32.5 C-Mont Mahaena, Idv Tahiti (Mahaena) / Bp 92";"Public";"";""
"Rangiroa";"Elem";"ecole.tiputa@education.pf";"98776";"Ecole primaire Tiputa Timi Harrys";"Polynésie Française";"Village De Tiputa, Tg Rangiroa / Bp 7";"Public";"";""
"Arutua";"Elem";"ecole.arutua@education.pf";"98761";"Ecole primaire Arutua";"Polynésie Française";"Village Rautini, Atoll De Arutua, Tg Arutua";"Public";"";""
"Makemo";"Elem";"ecole.makemo@education.pf";"98769";"Ecole primaire MAKEMO";"Polynésie Française";"Terre De Mamahuairagi Vlg Pouhev, Tg Makemo / Bp 05";"Public";"";""
"Napuka";"Elem";"ecole.tepoto@education.pf";"98772";"Ecole primaire Tepoto";"Polynésie Française";"Atoll De Tepoto, Tg Napuka (Tepoto)";"Public";"";""
"Huahine";"Elem";"ecole.fare@education.pf";"98731";"Ecole primaire Fare";"Polynésie Française";"Fare, Islv Huahine (Fare) / Bp 223";"Public";"";""
"Reao";"Elem";"ecole.reao@education.pf";"98779";"Ecole primaire Reao";"Polynésie Française";"Atoll De Reao, Tg Reao / Bp 02";"Public";"";""
"Mahina";"Elem";"ecole.nuutere@education.pf";"98709";"Ecole élémentaire Nuutere";"Polynésie Française";"Pk 10 Pointe Venus, Idv Tahiti (Mahina)";"Public";"";""
"Mahina";"Elem";"elementaire.fareroi@education.pf";"98709";"Ecole élémentaire Fareroi";"Polynésie Française";"Pk 11 Cote Mer Lot Cps  Mahina, Idv Tahiti (Mahina)";"Public";"";""
"Arue";"Elem";"elementaire.arue2@education.pf";"98701";"Ecole élémentaire ARUE 2";"Polynésie Française";"Pk 3.8 C-Mont Arue, Idv Tahiti (Arue) / Bp 14173";"Public";"";""
"Paea";"Mater";"maternelle.tiapa@education.pf";"98711";"Ecole maternelle Tiapa";"Polynésie Française";"Pk 20  C/Mont. Paea, Idv Tahiti (Paea) / Bp 10402";"Public";"";""
"Arue";"Mater";"maternelle.arue2@education.pf";"98701";"Ecole maternelle ARUE 2 Tamahana";"Polynésie Française";"Pk 3.5 C-Montagne, Idv Tahiti (Arue) / Bp 14190";"Public";"";""
"Nukutavake";"Elem";"ecole.vairaatea@education.pf";"98773";"Ecole primaire Vairaatea";"Polynésie Française";"Atoll De Vairaate, Tg Nukutavake (Vairaatea)";"Public";"";""
"Faaa";"Mater";"ecole.farahei@education.pf";"98704";"ECOLE MATERNELLE FARAHEI";"Polynésie Française";"Quartier Bonnefin Faaa Puurai, Idv Tahiti (Faa'A) / Bp 6622";"Public";"";""
"Mahina";"Mater";"maternelle.hitimahana@education.pf";"98709";"Ecole maternelle Hitimahana";"Polynésie Française";"Pk 10.5 C-Mer  Mahina, Idv Tahiti (Mahina)";"Public";"";""
"Punaauia";"Elem";"ecole.maehaanui@education.pf";"98718";"Ecole élémentaire Maehaa Nui";"Polynésie Française";"Pk 7.6 Punaauia, Idv Tahiti (Punaauia) / Bp 6486";"Public";"";""
"Punaauia";"Mater";"ecole.atinuu@education.pf";"98718";"Ecole maternelle Atinuu";"Polynésie Française";"Pk13 C/Mt   Punaauia Bp13402 Moana, Idv Tahiti (Punaauia) / Bp 13402";"Public";"";""
"Huahine";"Elem";"ecole.tefarerii@education.pf";"98731";"ECOLE PRIMAIRE PUBLIQUE TEFARERII";"Polynésie Française";"Village, Parea / Bp 384";"Public";"";""
"Punaauia";"Elem";"ce.9840522v@ac-polynesie.pf";"98718";"ECB Ecole BILINGUE de PUNAAUIA";"Polynésie Française";"Pk 12.3 Cote Mer, Fare Tony, 98713 Papeete / Bp 40194";"Privé";"";""
"Poindimie";"Elem";"ecole.nacetii@province-nord.nc";"98822";"Ecole primaire de Tiéti";"Nouvelle Calédonie";"Route Tieti, Tieti / Bp 38";"Public";"-20.917807619061993";"165.3010660489123"
"Saint-Martin";"Elem";"ce.9710980n@ac-guadeloupe.fr";"97150";"Ecole primaire Choisy Emile";"Saint-Martin";"Rue Paul Mingau, Spring Concordia";"Public";"18.068951319798337";"-63.081970163911"
"Paita";"Elem";"ce.9830678v@ac-noumea.nc";"98889";"Ecole élémentaire Robert Abel";"Nouvelle Calédonie";"44 Lotissement Ksi, Païta";"Public";"-22.138335216185165";"166.37942126060767"
"Dumbea";"Elem";"ce.9830680x@ac-noumea.nc";"98849";"Ecole élémentaire publique du CHT";"Nouvelle Calédonie";"110 Boulevard Joseph-Wamytan, Bp J5";"Public";"";""
"Kone";"Elem";"ecole.teari@province-nord.nc";"98859";"Ecole primaire de Teari";"Nouvelle Calédonie";"143 Rue Jules Poanima, Green Acre / Bp 9";"Public";"-21.07493925764378";"164.86711919225888"
"Dumbea";"Elem";"direcole.rolly@province-sud.nc";"98835";"Ecole élémentaire Michelle Delacharlerie-Rolly";"Nouvelle Calédonie";"27 Rue Des Petites Affiches, Plaine Adam";"Public";"-22.20138949297117";"166.44597930833248"
"Dumbea";"Elem";"dir.ec.dumbea@ddec.nc";"98835";"Ecole primaire privée de Dumbéa Sur Mer";"Nouvelle Calédonie";"127 Rue, Alphonse Médard";"Privé";"-22.19700864263325";"166.44966078304984"
"Dumbea";"Elem";"ce.9830701v@ac-noumea.nc";"98835";"Ecole élémentaire Jack Mainguet";"Nouvelle Calédonie";"Rue Jean-François Laperouse";"Public";"-22.21483954604957";"166.47458430592187"
"Paita";"Elem";"direcole.jean@province-sud.nc";"98889";"Ecole élémentaire Patrice Jean";"Nouvelle Calédonie";"Lotissement Ondémia, Rive Droite Ondémia";"Public";"-22.120289327605725";"166.34230911266786"
"Ua-pou";"Elem";"ecole.hakamaii@education.pf";"98746";"Ecole primaire Hakamaii";"Polynésie Française";"Marq Ua Pou (Hakamaii)";"Public";"";""
"Ua-pou";"Elem";"ecole.hohoi@education.pf";"98745";"Ecole primaire Hohoi";"Polynésie Française";"Marq Ua Pou (Hohoi)";"Public";"";""
"Tahuata";"Elem";"ecole.vaitahu@education.pf";"98743";"Ecole primaire Vaitahu";"Polynésie Française";"98743 Tahuata, Marq Tahuata (Vaitahu)";"Public";"";""
"Nuku-hiva";"Elem";"ecole.aakapa@education.pf";"98742";"Ecole primaire Aakapa";"Polynésie Française";"Marq Nuku-Hiva (Aakapa)";"Public";"";""
"Hiva-oa";"Elem";"ecole.puamau@education.pf";"98749";"Ecole primaire Puamau";"Polynésie Française";"Marq Hiva Oa (Puamau)";"Public";"";""
"Hiva-oa";"Elem";"ecole.nahoe@education.pf";"98741";"Ecole primaire Nahoe";"Polynésie Française";"Marq Hiva Oa (Nahoe)";"Public";"";""
"Rurutu";"Elem";"gs.moerai@education.pf";"98753";"Groupe scolaire Moerai Avera";"Polynésie Française";"Pk 0.2 Moerai, Australes Rurutu (Moerai) / Bp 84";"Public";"";""
"Rimatara";"Elem";"gs.rimatara@education.pf";"98752";"Groupe scolaire Amaru Anapoto Motuaura";"Polynésie Française";"Amaru, Australes Rimatara";"Public";"";""
"Papeete";"Elem";"ecole.mamao@education.pf";"98714";"Groupe scolaire Mama'o Tamatini";"Polynésie Française";"Pk 1,5 Rue Mamao Vallon, Idv Tahiti (Papeete) / Bp 21642";"Public";"";""
"Papeete";"Elem";"ecole.taimoana@education.pf";"98714";"Ecole élémentaire Taimoana";"Polynésie Française";"Chemin Vicinal Patutoa Papeete, Idv Tahiti (Papeete) / Bp 20670";"Public";"";""
"Punaauia";"Elem";"ecole.manotahi@education.pf";"98718";"Ecole élémentaire Manotahi";"Polynésie Française";"Pk12,4 C Mt Serv. Manotahi Punaauia, Idv Tahiti (Punaauia)";"Public";"";""
"Hitiaa";"Elem";"ecole.momoa@education.pf";"98708";"Ecole primaire Momo'a";"Polynésie Française";"Pk 37.5  Hitiaa Ote Ra, Idv Tahiti (Hitiaa) / Bp 93";"Public";"";""
"Hitiaa";"Elem";"gs.moenoa@education.pf";"98708";"Groupe scolaire Moenoa Tevaihopu";"Polynésie Française";"Pk 28.5 Tiarei  Hitiaa Ote Ra, Idv Tahiti (Tiarei)";"Public";"";""
"Rangiroa";"Elem";"ecole.tikehau@education.pf";"98778";"Ecole primaire Tikehau";"Polynésie Française";"Atoll De Tikehau, Tg Rangiroa (Tikehau)";"Public";"";""
"Arutua";"Elem";"ecole.apataki@education.pf";"98762";"Ecole primaire APATAKI Tuo'ro Tamarii";"Polynésie Française";"Village, Tg Arutua (Apataki)";"Public";"";""
"Takaroa";"Elem";"ecole.takapoto@education.pf";"98782";"Ecole primaire Takapoto Temaramarama";"Polynésie Française";"Atoll De Takaroa, Tg Takaroa (Takapoto) / Bp 74";"Public";"";""
"Gambier";"Elem";"ecole.rikitea@education.pf";"98755";"Ecole primaire Rikitea Maputeoa";"Polynésie Française";"Rikitea, Tg Rikitea / Bp 52";"Public";"";""
"Napuka";"Elem";"ecole.napuka@education.pf";"98772";"Ecole primaire Napuka";"Polynésie Française";"Napuka, Tg Napuka";"Public";"";""
"Makemo";"Elem";"ecole.katiu@education.pf";"98789";"Ecole primaire KATIU";"Polynésie Française";"Katiu-Makemo, Tg Makemo (Katiu)";"Public";"";""
"Reao";"Elem";"ecole.pukarua@education.pf";"98780";"Ecole primaire Pukarua";"Polynésie Française";"Atoll De Pukarua, Tg Reao (Pukarua)";"Public";"";""
"Takaroa";"Elem";"ecole.takaroa@education.pf";"98781";"Ecole primaire Takaroa";"Polynésie Française";"Atoll De Takaroa, Tg Takaroa";"Public";"";""
"Moorea";"Elem";"ecole.maiao@education.pf";"98729";"Ecole primaire Maiao";"Polynésie Française";"Village Taora O Mere, Idv Moorea (Maiao)";"Public";"";""
"Moorea";"Elem";"ecole.maatea@education.pf";"98728";"Ecole primaire Maatea";"Polynésie Française";"Pk13,2 C Me, Idv Moorea (Maatea) / Bp 3193";"Public";"";""
"Moorea";"Elem";"ecole.teavaro@education.pf";"98728";"Ecole primaire Teavaro";"Polynésie Française";"Pk 2,, Idv Moorea (Teavaro) / Bp 3025";"Public";"";""
"Bora-bora";"Elem";"ecole.faanui@education.pf";"98730";"Ecole Faanui primaire TEMARUTUITUI";"Polynésie Française";"Islv Bora Bora (Faanui), Islv Bora Bora (Faanui) / Bp 179";"Public";"";""
"Uturoa";"Elem";"ecole.apooiti@education.pf";"98735";"Ecole primaire Apooiti";"Polynésie Française";"Pk 4 Apooiti Uturoa Raiatea, Islv Raiatea (Apooiti) / Bp 924";"Public";"";""
"Faaa";"Elem";"elementaire.faraheinui@education.pf";"98704";"Ecole élémentaire Farahei Nui";"Polynésie Française";"Pk 4 C-Mt  Faaa Lot. Puurai, Idv Tahiti (Faa'A) / Bp 8017";"Public";"";""
"Moorea";"Elem";"ecole.maharepa@education.pf";"98728";"Ecole primaire Maharepa";"Polynésie Française";"Maharepa Pk4,8 C Mont, Idv Moorea (Maharepa) / Bp 7";"Public";"";""
"Pukapuka";"Elem";"ecole.pukapuka@education.pf";"98774";"Ecole primaire PUKA-PUKA";"Polynésie Française";"Puka-Puka, Tg Puka Puka";"Public";"";""
"Taiarapu";"Elem";"direco@sct.ddec.pf";"98719";"Ecole primaire privée Sacré-Coeur";"Polynésie Française";"1 Route Taravao  Taiarapu Est, Tahiti   Iles Du Vent / Bp 7028";"Privé";"";""
"Papeete";"Elem";"dirtaunoa@epm.edu.pf";"98714";"Ecole primaire privée protestante de Taunoa";"Polynésie Française";"304 Avenue Du Chef Vairaatoa, Bp 49";"Privé";"";""
"Makemo";"Elem";"ecole.raroia@education.pf";"98790";"Ecole primaire Raroia";"Polynésie Française";"Raroia-Garumaoa Tuamotu Centre, Tg Makemo (Raroia)";"Public";"";""
"Papeete";"Mater";"ecole.heitama@education.pf";"98714";"Ecole maternelle Heitama-Raitama";"Polynésie Française";"Vicinal Patutoa  Papeete, Idv Tahiti (Papeete)";"Public";"";""
"Punaauia";"Elem";"ecole.2.plus.2@education.pf";"98718";"Ecole élémentaire 2+2=4";"Polynésie Française";"Pk 10,5 C/Mont Face Au Te Moana, Idv Tahiti (Punaauia) / Bp 13556";"Public";"";""
"Moorea";"Mater";"maternelle.paopao@education.pf";"98728";"Ecole maternelle Pao Pao";"Polynésie Française";"Pk 9,5 C/Mont, Idv Moorea (Pao Pao) / Bp 1232";"Public";"";""
"Hikueru";"Elem";"ecole.hikueru@education.pf";"98768";"Ecole primaire Hikueru";"Polynésie Française";"Atoll De Hikueru, Tg Hikueru";"Public";"";""
"Teva i uta";"Mater";"maternelle.matairea@education.pf";"98727";"Ecole maternelle Matairea Choi Chong Ah Min";"Polynésie Française";"Pk 53.1 C Montagne  Papeari, Idv Tahiti (Papeari-Tiu)";"Public";"";""
"Paea";"Elem";"elementaire.tiapa@education.pf";"98711";"Ecole élémentaire TIAPA";"Polynésie Française";"Pk 20 C Mont Paea, Idv Tahiti (Paea) / Bp 10401";"Public";"";""
"Punaauia";"Mater";"ecole.maehaarua@education.pf";"98718";"Ecole maternelle Maehaa rua";"Polynésie Française";"Pk 7.8  Punaauia, Idv Tahiti (Punaauia) / Bp 6551";"Public";"";""
"Mahina";"Elem";"elementaire.hitimahana@education.pf";"98709";"Ecole élémentaire Hitimahana";"Polynésie Française";"Pk 10.5 C-Mer  Mahina Pres Clg Mahina, Idv Tahiti (Mahina)";"Public";"";""
"Hiva-oa";"Elem";"ecole.taaoa@education.pf";"98741";"Ecole primaire Taaoa";"Polynésie Française";"Marq Hiva Oa (Atuona), Marq Hiva Oa (Atuona) / Bp 29";"Public";"";""
"Punaauia";"Mater";"ecole.amahi@education.pf";"98718";"Ecole maternelle Amahi";"Polynésie Française";"Pk18.1 C/Mont Punaauia Bp380596 Tamanu, Idv Tahiti (Punaauia)";"Public";"";""
"Makemo";"Elem";"ecole.takume@education.pf";"98790";"Ecole primaire Takume";"Polynésie Française";"Atoll De Takume, Tg Makemo (Takume)";"Public";"";""
"Bora-bora";"Elem";"ecole.namaha3@education.pf";"98730";"Ecole élémentaire Namaha 3";"Polynésie Française";"Vaitape, Islv Bora Bora (Vaitape) / Bp 173";"Public";"";""
"Huahine";"Elem";"ecole.parea@education.pf";"98731";"ECOLE PRIMAIRE PUBLIQUE DE PAREA";"Polynésie Française";"Village, Parea / Bp 384";"Public";"";""
"Moorea";"Elem";"ecole.haapiti@education.pf";"98729";"ECOLE PRIMAIRE PUBLIQUE DE HAAPITI";"Polynésie Française";"Pk 24,100 Côté Mer, Haapiti / Bp 80097";"Public";"";""
"Tumaraa";"Elem";"ecole.vaiaau@education.pf";"98735";"Ecole primaire de Vaiaau";"Polynésie Française";"Voie";"Public";"";""
"Tumaraa";"Elem";"ecole.fetuna@education.pf";"98735";"Ecole primaire de FETUNA";"Polynésie Française";"Village";"Public";"";""
"Saint-Martin";"Mater";"ce.9710817l@ac-guadeloupe.fr";"97150";"Ecole maternelle Jérôme Beaupère";"Saint-Martin";"Route Principale De Sandy Ground";"Public";"18.059349354177403";"-63.106639880783476"
"Saint-Martin";"Mater";"ce.9710874y@ac-guadeloupe.fr";"97150";"Ecole maternelle Trott Simeone";"Saint-Martin";"Avenue Les Villages 2, Concordia";"Public";"18.066063809970043";"-63.076810220919484"
"Saint pierre";"Elem";"ce.9750012p@ac-normandie.fr";"97500";"Ecole élémentaire privée ste Croisine";"St-Pierre-et-Miquelon";"6 Rue Bordas, St Pierre / Bp 4245";"Privé";"46.78105763626309";"-56.17179730189668"
"Nouméa";"Mater";"marguerite.lefrancois@ville-noumea.nc";"98800";"Ecole maternelle Marguerite Lefrançois";"Nouvelle Calédonie";"8  Rue Francois Ecorchon, Baie De L'Orphelinat";"Public";"-22.285990898389514";"166.44605427780678"
"Nouméa";"Elem";"fernande.leriche@ville-noumea.nc";"98800";"Ecole élémentaire Fernande Leriche";"Nouvelle Calédonie";"13  Rue Pierre Sauvan, Anse Vata";"Public";"-22.298427712100104";"166.44889705643757"
"Dumbea";"Elem";"direcole.dillenseger@province-sud.nc";"98835";"Groupe scolaire Alphonse Dillenseger";"Nouvelle Calédonie";"17 Avenue D'Auteuil";"Public";"-22.205928829125988";"166.47674711311817"
"Kouaoua";"Elem";"j.ponga@province-nord.nc";"98818";"Ecole primaire de Kouaoua";"Nouvelle Calédonie";"Village Kouaoua, Bp 83";"Public";"-21.394059980154985";"165.8284504333989"
"La foa";"Elem";"direcole.lacourt@province-sud.nc";"98880";"Ecole élémentaire Yvonne Lacourt";"Nouvelle Calédonie";"Rue Draygton, Bp 31";"Public";"-21.712741937036142";"165.82990301419247"
"Nouméa";"Elem";"direcole.koch@province-sud.nc";"98800";"Groupe scolaire Koch - Capucines";"Nouvelle Calédonie";"Rue Taragnat";"Public";"-22.27457515890721";"166.45644036557684"
"Nouméa";"Elem";"direcole.cacot@province-sud.nc";"98800";"Ecole élémentaire Michel Cacot";"Nouvelle Calédonie";"231  Rue Armand Olhen, Magenta";"Public";"-22.266247253437577";"166.46357469039395"
"Houailou";"Elem";"c.euritein@province-nord.nc";"98816";"Ecole primaire de Coula-Gonde";"Nouvelle Calédonie";"Lieu-Dit Tribu De  Coula-Gonde";"Public";"-21.335342325607588";"165.44438073719414"
"Poum";"Elem";"ecole.cavet@province-nord.nc";"98826";"Ecole primaire Cavet-Juu de Tiabet";"Nouvelle Calédonie";"Lieu-Dit Tribu De Tiabet";"Public";"-20.12764967273393";"164.0264961376377"
"Nouméa";"Elem";"direcole.mouchet@province-sud.nc";"98800";"Ecole primaire Gustave Mouchet";"Nouvelle Calédonie";"8  Rue Des Freres Charpentier, Montravel";"Public";"-22.250468290380578";"166.45440505809137"
"Nouméa";"Elem";"direcole.havet@province-sud.nc";"98800";"Ecole primaire Marie Havet";"Nouvelle Calédonie";"231  Rue Arnold Daly, Magenta Ouemo / Bp 13532";"Public";"-22.282906268225737";"166.4710898543918"
"Lifou";"Mater";"ecole.chepenehe@lagoon.nc";"98820";"Ecole maternelle de Xepenehe";"Nouvelle Calédonie";"Lieu-Dit De Xepenehe";"Public";"-20.781601404750916";"167.14684278333726"
"Mont-dore";"Elem";"ecole.croixdusud@canl.nc";"98809";"Groupe scolaire de Plum";"Nouvelle Calédonie";"186 Rue Adrien Riaria, Plum";"Public";"-22.277207056196104";"166.6405290694743"
"Koumac";"Mater";"ecole.bwadouvalan@province-nord.nc";"98850";"Ecole maternelle de Bwadouvalan";"Nouvelle Calédonie";"Village De Koumac, Bp 109";"Public";"-20.5582591614807";"164.2886078753725"
"Nouméa";"Mater";"direcole.iris@province-sud.nc";"98800";"Ecole maternelle Les Iris";"Nouvelle Calédonie";"8  Rue Des Camelias";"Public";"-22.24096675807547";"166.4711578102721"
"Houailou";"Mater";"e-mat.wwluu@lagoon.nc";"98816";"Ecole maternelle de Houaïlou";"Nouvelle Calédonie";"Route Houailou Village";"Public";"-21.27792069289001";"165.6294564938542"
"Bourail";"Elem";"direcole.lys-deau@province-sud.nc";"98870";"Ecole primaire Les Lys d'eau";"Nouvelle Calédonie";"Rue Simone Dremon, Bp 110";"Public";"-21.572125706102277";"165.49704539266304"
"Kone";"Elem";"ecole.lescigales@province-nord.nc";"98860";"Ecole primaire Les Cigales";"Nouvelle Calédonie";"12 Rue Des Abeilles, Lotissement Les Cigales / Bp 36";"Public";"-21.0521709241641";"164.87030678810254"
"Paita";"Mater";"direcole.mat-vi-vete@province-sud.nc";"98890";"Ecole maternelle Vi-Vete";"Nouvelle Calédonie";"1 Lotiss. Les Tumulus, Bp 143";"Public";"-22.134367604465453";"166.35602001491654"
"Mont-dore";"Elem";"direcole.gs-yahoue@province-sud.nc";"98809";"Groupe scolaire de Yahoué";"Nouvelle Calédonie";"264 Rue Des Opui, Yahoue / Bp 542";"Public";"-22.208707801778854";"166.49018887926613"
"Ouvéa";"Mater";"j-trenyiwa@loyalty.nc";"98814";"Ecole maternelle de Wakatr";"Nouvelle Calédonie";"Route Wakatr";"Public";"-20.665111538954363";"166.52487329664925"
"Dumbea";"Elem";"direcole.benebig@province-sud.nc";"98830";"Ecole élémentaire Louis Benebig";"Nouvelle Calédonie";"3 Avenue Frederic Chopin, Koutio / Bp 25";"Public";"-22.2036341627672";"166.46739040345113"
"Bouloupari";"Mater";"direcole.mat-boulouparis@province-sud.nc";"98812";"Ecole maternelle Marthe Bourgine";"Nouvelle Calédonie";"Village Voie Urbaine 18";"Public";"-21.864839525526705";"166.04772091053601"
"Dumbea";"Mater";"direcole.koutio@province-sud.nc";"98830";"Ecole maternelle les orangers";"Nouvelle Calédonie";"2 Rue Rene Dumont, Koutio";"Public";"-22.216070572747466";"166.47358930580845"
